City_ID,City,Lat,Lng,Max Temp,Humidity,Cloudiness,Wind Speed,Country,Date
0,borborema,-21.6197,-49.0736,30.8,45,100,2.87,BR,1670092175
1,qaanaaq,77.484,-69.3632,-14.54,77,98,3.56,GL,1670092176
2,east london,-33.0153,27.9116,17.52,88,40,3.6,ZA,1670092177
3,kyshtovka,56.555,76.6271,-23.01,90,23,2.7,RU,1670092177
4,poum,-20.2333,164.0167,25.68,87,90,1.73,NC,1670092178
5,omsukchan,62.5333,155.8,-27.65,82,5,2.0,RU,1670092179
6,ushuaia,-54.8,-68.3,10.79,61,75,9.26,AR,1670092179
7,bilibino,68.0546,166.4372,-26.0,94,33,2.33,RU,1670092180
8,kapaa,22.0752,-159.319,24.15,87,28,1.34,US,1670092181
9,vaini,-21.2,-175.2,25.09,94,75,0.51,TO,1670092089
10,ambon,-3.6954,128.1814,26.24,14,93,1.75,ID,1670092182
11,comodoro rivadavia,-45.8667,-67.5,25.92,19,34,15.43,AR,1670092182
12,airai,-8.9266,125.4092,15.33,85,31,0.66,TL,1670092183
13,necochea,-38.5473,-58.7368,30.03,25,1,3.67,AR,1670092184
14,belmonte,-15.8631,-38.8828,25.0,86,100,4.36,BR,1670092058
15,port alfred,-33.5906,26.891,16.77,89,71,0.45,ZA,1670092093
16,hobart,-42.8794,147.3294,13.92,88,100,0.51,AU,1670091874
17,norman wells,65.282,-126.8329,1.02,93,100,4.12,CA,1670092187
18,katsuura,35.1333,140.3,15.58,59,97,10.63,JP,1670092148
19,saint-philippe,-21.3585,55.7679,24.77,76,41,2.19,RE,1670092188
20,barrow,71.2906,-156.7887,-5.99,58,100,4.12,US,1670092113
21,general pico,-35.6566,-63.7568,34.2,19,0,3.2,AR,1670092188
22,guerrero negro,27.9769,-114.0611,21.31,54,100,1.9,MX,1670092189
23,hauterive,46.0901,3.4459,4.42,91,100,1.09,FR,1670092189
24,chokurdakh,70.6333,147.9167,-21.65,92,100,7.99,RU,1670092190
25,ketchikan,55.3422,-131.6461,-1.74,59,0,4.63,US,1670092191
26,bluff,-46.6,168.3333,10.45,72,100,10.62,NZ,1670092193
27,luganville,-15.5333,167.1667,26.26,87,100,4.1,VU,1670092194
28,jamestown,42.097,-79.2353,5.77,70,100,10.29,US,1670092065
29,sao jose da coroa grande,-8.8978,-35.1478,27.78,69,59,5.33,BR,1670092195
30,nikolskoye,59.7035,30.7861,-4.06,89,100,3.26,RU,1670092196
31,lumby,50.2498,-118.969,-8.67,87,70,1.03,CA,1670092196
32,mount isa,-20.7333,139.5,18.87,59,7,2.57,AU,1670092197
33,mataura,-46.1927,168.8643,10.27,75,100,2.57,NZ,1670092197
34,port elizabeth,-33.918,25.5701,18.39,82,20,2.06,ZA,1670092082
35,sur,22.5667,59.5289,23.82,64,0,1.82,OM,1670092199
36,cape town,-33.9258,18.4232,17.93,64,20,10.29,ZA,1670091909
37,ilulissat,69.2167,-51.1,-0.99,80,75,6.17,GL,1670092200
38,qasigiannguit,68.8193,-51.1922,-0.86,80,100,6.26,GL,1670092201
39,shubarshi,48.5872,57.1869,-12.73,74,6,5.94,KZ,1670092202
40,victoria,22.2855,114.1577,21.64,82,59,4.02,HK,1670092202
41,srednekolymsk,67.45,153.6833,-39.09,100,35,0.5,RU,1670091940
42,guerrero,17.6667,-100.0,26.89,42,5,2.41,MX,1670092204
43,butaritari,3.0707,172.7902,27.48,76,11,7.41,KI,1670092204
44,mhlambanyatsi,-26.45,31.0167,15.68,97,100,1.94,SZ,1670092205
45,nosy varika,-20.5833,48.5333,24.46,86,100,3.01,MG,1670092206
46,atuona,-9.8,-139.0333,25.55,70,1,8.46,PF,1670092206
47,kungurtug,50.5994,97.5228,-29.13,98,30,0.69,RU,1670092207
48,lebu,-37.6167,-73.65,17.46,73,39,5.29,CL,1670092119
49,albany,42.6001,-73.9662,11.48,88,100,5.35,US,1670092201
50,auki,-8.7676,160.7034,24.48,89,100,2.2,SB,1670092209
51,rikitea,-23.1203,-134.9692,23.29,73,16,6.38,PF,1670092086
52,batagay,67.6333,134.6333,-27.24,98,100,2.14,RU,1670092210
53,busselton,-33.65,115.3333,16.65,76,100,6.57,AU,1670092211
54,lavrentiya,65.5833,-171.0,-5.64,94,100,7.18,RU,1670092212
55,raudeberg,61.9875,5.1352,2.15,69,27,2.1,NO,1670092213
56,esperance,-33.8667,121.9,16.25,84,100,6.26,AU,1670092214
57,eyl,7.9803,49.8164,25.04,69,11,7.4,SO,1670092214
58,bambous virieux,-20.3428,57.7575,24.14,78,40,1.54,MU,1670092215
59,goundam,16.4145,-3.6708,28.92,16,33,3.37,ML,1670092216
60,kodiak,57.79,-152.4072,-6.27,79,0,3.09,US,1670092024
61,saraland,30.8207,-88.0706,26.74,75,100,2.65,US,1670092217
62,zhaoqing,23.0512,112.4597,16.57,83,100,1.1,CN,1670092218
63,tiksi,71.6872,128.8694,-23.16,94,100,10.11,RU,1670092219
64,dikson,73.5069,80.5464,-3.95,93,100,6.86,RU,1670092220
65,pangody,65.85,74.4859,-15.74,96,71,4.05,RU,1670092220
66,saint-augustin,51.226,-58.6502,0.79,85,100,8.1,CA,1670092221
67,ribeira grande,38.5167,-28.7,14.22,77,75,7.72,PT,1670092222
68,lorengau,-2.0226,147.2712,27.43,78,100,3.33,PG,1670092222
69,jinchang,38.4953,102.1739,-6.62,58,100,0.42,CN,1670092223
70,mazara del vallo,37.6641,12.588,17.18,84,100,7.15,IT,1670092224
71,camabatela,-8.1881,15.375,17.16,98,100,0.87,AO,1670092225
72,nizhnevartovsk,60.9344,76.5531,-16.99,85,100,3.0,RU,1670091999
73,christchurch,-43.5333,172.6333,14.39,81,100,1.54,NZ,1670091665
74,puerto ayora,-0.7393,-90.3518,24.98,87,67,3.58,EC,1670091983
75,chapais,49.7834,-74.8492,0.88,99,100,3.17,CA,1670092229
76,punta arenas,-53.15,-70.9167,10.06,50,20,12.86,CL,1670092228
77,nanortalik,60.1432,-45.2371,-1.53,82,100,5.63,GL,1670092230
78,port townsend,48.117,-122.7605,5.28,93,100,2.68,US,1670092231
79,khatanga,71.9667,102.5,-18.13,93,100,9.41,RU,1670092225
80,humaita,-7.5061,-63.0208,26.04,74,100,0.84,BR,1670092233
81,hilo,19.7297,-155.09,25.16,97,100,2.06,US,1670092215
82,bredasdorp,-34.5322,20.0403,14.3,64,6,2.05,ZA,1670092234
83,tupa,-21.9347,-50.5136,28.28,55,100,2.49,BR,1670092210
84,tuatapere,-46.1333,167.6833,10.49,78,100,3.0,NZ,1670091960
85,upernavik,72.7868,-56.1549,-3.3,87,100,11.17,GL,1670092235
86,tasiilaq,65.6145,-37.6368,-0.91,95,100,11.68,GL,1670092236
87,abong mbang,3.9833,13.1833,23.29,55,100,1.36,CM,1670092237
88,rudbar,30.15,62.6,10.06,32,0,0.66,AF,1670092237
89,cabo san lucas,22.8909,-109.9124,32.01,52,0,2.57,MX,1670091981
90,vestmannaeyjar,63.4427,-20.2734,6.55,81,0,3.6,IS,1670092036
91,berdigestyakh,62.0989,126.6992,-28.52,100,100,0.67,RU,1670091946
92,cherskiy,68.75,161.3,-21.78,87,100,2.99,RU,1670092239
93,skibbereen,51.55,-9.2667,7.84,79,100,3.54,IE,1670092240
94,ponta delgada,37.7333,-25.6667,13.4,71,40,5.66,PT,1670092241
95,kavieng,-2.5744,150.7967,27.5,78,95,2.79,PG,1670092241
96,moratuwa,6.773,79.8816,24.62,87,69,2.56,LK,1670092242
97,mapimi,25.8167,-103.85,25.16,34,0,3.37,MX,1670092242
98,provideniya,64.3833,-173.3,-4.82,94,100,9.31,RU,1670092243
99,cidreira,-30.1811,-50.2056,24.19,89,97,3.07,BR,1670092162
100,hermanus,-34.4187,19.2345,16.0,63,99,3.82,ZA,1670092237
101,vytegra,61.0064,36.4481,-6.95,76,100,5.12,RU,1670092245
102,severo-kurilsk,50.6789,156.125,-3.62,82,35,3.06,RU,1670092246
103,palmer,42.1584,-72.3287,13.25,85,100,7.2,US,1670092246
104,kamaishi,39.2667,141.8833,9.43,81,100,2.65,JP,1670092247
105,namibe,-15.1961,12.1522,22.08,79,100,1.04,AO,1670092248
106,sibolga,1.7427,98.7792,23.89,88,100,1.41,ID,1670091997
107,el carmen,8.5106,-73.4478,26.75,54,76,1.07,CO,1670092249
108,indri,29.88,77.0711,15.77,50,0,1.88,IN,1670092249
109,cabedelo,-6.9811,-34.8339,29.37,70,25,6.99,BR,1670092246
110,bashtanka,47.4072,32.4387,0.87,63,100,6.26,UA,1670092251
111,djambala,-2.5447,14.7533,19.44,94,100,0.91,CG,1670092251
112,kiama,-34.6833,150.8667,16.67,98,0,3.02,AU,1670092252
113,codrington,-38.2667,141.9667,14.71,81,59,3.03,AU,1670092253
114,gucheng,35.9115,111.3192,1.87,23,100,0.74,CN,1670092253
115,iqaluit,63.7506,-68.5145,-23.83,97,17,1.82,CA,1670092255
116,evensk,61.95,159.2333,-20.13,84,20,3.99,RU,1670092255
117,nome,64.5011,-165.4064,0.04,93,100,4.63,US,1670092256
118,mount pleasant,32.7941,-79.8626,26.16,58,0,6.17,US,1670092125
119,lompoc,34.6391,-120.4579,17.55,93,100,4.63,US,1670092217
120,alice springs,-23.7,133.8833,15.75,39,0,3.09,AU,1670091992
121,impfondo,1.6381,18.0667,22.57,93,100,0.55,CG,1670092258
122,makakilo city,21.3469,-158.0858,23.89,80,20,3.09,US,1670092259
123,catuday,16.2923,119.8062,25.8,79,97,3.32,PH,1670092260
124,clyde river,70.4692,-68.5914,-15.87,72,48,11.32,CA,1670092261
125,wilmington,34.2257,-77.9447,23.95,64,100,5.66,US,1670092094
126,hasaki,35.7333,140.8333,2.22,67,92,5.98,JP,1670092079
127,hualmay,-11.0964,-77.6139,22.39,70,17,4.2,PE,1670092263
128,alpena,45.0617,-83.4327,0.66,65,100,8.75,US,1670092243
129,leningradskiy,69.3833,178.4167,-15.23,75,65,3.64,RU,1670092075
130,puerto escondido,15.85,-97.0667,31.46,58,0,4.12,MX,1670092167
131,abu kamal,34.4506,40.9171,15.85,64,100,3.19,SY,1670092265
132,deputatskiy,69.3,139.9,-25.32,87,100,5.02,RU,1670092266
133,emba,48.8264,58.1442,-13.72,77,6,6.05,KZ,1670092266
134,thinadhoo,0.5333,72.9333,27.11,75,100,6.71,MV,1670092267
135,sergeyevka,53.88,67.4158,-21.02,95,23,1.48,KZ,1670092268
136,shingu,33.7333,135.9833,9.57,76,28,1.85,JP,1670092269
137,kaitangata,-46.2817,169.8464,13.32,57,100,5.18,NZ,1670092270
138,mehamn,71.0357,27.8492,-4.03,80,4,6.17,NO,1670092140
139,wanning,18.8003,110.3967,21.06,93,100,3.87,CN,1670092103
140,aklavik,68.2191,-135.0107,0.0,86,100,11.32,CA,1670092272
141,salalah,17.0151,54.0924,25.05,69,20,2.06,OM,1670092079
142,sambava,-14.2667,50.1667,24.82,79,92,1.77,MG,1670092273
143,progreso,21.2833,-89.6667,30.06,68,0,8.13,MX,1670092226
144,talnakh,69.4865,88.3972,-22.11,99,100,1.9,RU,1670092274
145,victor harbor,-35.5667,138.6167,22.04,31,3,3.35,AU,1670092274
146,maloy,61.9353,5.1136,2.63,69,38,1.37,NO,1670092275
147,kalaleh,37.3807,55.4916,8.78,87,100,2.06,IR,1670092277
148,viedma,-40.8135,-62.9967,33.57,15,19,3.98,AR,1670092278
149,arraial do cabo,-22.9661,-42.0278,24.98,78,75,10.29,BR,1670092278
150,avarua,-21.2078,-159.775,27.03,89,75,4.12,CK,1670092095
151,sao filipe,14.8961,-24.4956,22.7,63,100,3.13,CV,1670092279
152,godfrey,38.9556,-90.1868,3.32,52,0,4.12,US,1670092280
153,redcar,54.6166,-1.06,6.36,69,100,1.79,GB,1670092281
154,pitimbu,-7.4706,-34.8086,29.33,70,14,5.94,BR,1670092281
155,klaksvik,62.2266,-6.589,6.51,96,100,1.14,FO,1670092015
156,tilichiki,60.4667,166.1,-11.68,88,100,2.77,RU,1670092282
157,viloco,-16.95,-67.55,14.44,33,21,4.02,BO,1670092283
158,kovdor,67.5662,30.4758,-12.69,100,86,0.8,RU,1670092284
159,karur,10.95,78.0833,23.47,92,100,1.52,IN,1670092285
160,yellowknife,62.456,-114.3525,-20.25,77,100,3.09,CA,1670092286
161,sept-iles,50.2001,-66.3821,0.59,98,100,6.17,CA,1670092262
162,kahului,20.8947,-156.47,26.02,76,20,3.13,US,1670092287
163,sitka,57.0531,-135.33,-2.06,86,40,2.57,US,1670092288
164,san quintin,30.4833,-115.95,18.58,56,100,0.93,MX,1670092290
165,longyearbyen,78.2186,15.6401,-1.09,86,75,9.26,SJ,1670092291
166,bethel,41.3712,-73.414,13.2,86,100,0.89,US,1670092292
167,vila,42.0304,-8.1588,2.49,82,1,1.84,PT,1670092292
168,walvis bay,-22.9575,14.5053,15.72,80,0,7.44,NA,1670092293
169,chuy,-33.6971,-53.4616,19.13,92,100,2.0,UY,1670092048
170,arlit,18.7369,7.3853,25.72,13,5,2.08,NE,1670092294
171,praia,14.9215,-23.5087,23.12,60,90,3.95,CV,1670092027
172,pedasi,7.5333,-80.0333,27.34,74,26,6.85,PA,1670092295
173,batticaloa,7.7102,81.6924,25.91,82,44,1.15,LK,1670092297
174,port hardy,50.6996,-127.4199,2.1,80,20,7.2,CA,1670092297
175,charlotte,35.2271,-80.8431,16.04,93,100,5.66,US,1670092273
176,vao,-22.6667,167.4833,24.93,90,98,4.44,NC,1670092299
177,tuktoyaktuk,69.4541,-133.0374,-3.0,80,100,18.01,CA,1670092172
178,yulara,-25.2406,130.9889,24.03,17,0,2.82,AU,1670092301
179,naron,43.5167,-8.1528,10.89,72,84,4.42,ES,1670092302
180,gazanjyk,39.2446,55.5154,2.94,31,100,6.93,TM,1670092302
181,new norfolk,-42.7826,147.0587,13.72,82,97,1.06,AU,1670092303
182,bengkulu,-3.8004,102.2655,23.64,90,100,1.65,ID,1670092269
183,kurilsk,45.2333,147.8833,1.69,68,100,6.7,RU,1670092304
184,loukhi,66.0764,33.0381,-5.06,93,100,2.01,RU,1670092305
185,jibuti,11.5,42.5,22.03,67,42,4.4,DJ,1670092305
186,mahebourg,-20.4081,57.7,24.16,78,40,1.54,MU,1670092013
187,khilok,51.3674,110.4676,-17.47,91,100,5.54,RU,1670092306
188,verkhnevilyuysk,63.4453,120.3167,-32.48,100,97,0.68,RU,1670092307
189,nilai,2.8169,101.7956,25.81,92,20,0.0,MY,1670092309
190,castro,-24.7911,-50.0119,23.51,80,100,1.93,BR,1670091715
191,harper,4.375,-7.7169,25.27,85,100,6.5,LR,1670092310
192,dunedin,-45.8742,170.5036,13.22,72,100,0.89,NZ,1670092311
193,barguzin,53.6167,109.6167,-17.55,97,100,1.39,RU,1670092311
194,havre,49.5833,0.3333,2.41,87,100,5.14,FR,1670092312
195,itaobim,-16.5667,-41.8333,23.87,86,99,1.5,BR,1670092313
196,yakeshi,49.2833,120.7333,-30.91,100,99,1.88,CN,1670092314
197,bagdarin,54.4333,113.6,-24.32,86,98,1.84,RU,1670092314
198,fort abbas,29.1925,72.8536,18.53,25,1,2.52,PK,1670092315
199,fukue,32.6881,128.8419,14.28,79,100,8.39,JP,1670092316
200,torbay,47.6666,-52.7314,2.09,66,75,3.09,CA,1670092282
201,obo,5.3998,26.4869,25.16,46,92,0.67,CF,1670092316
202,broken hill,-31.95,141.4333,21.99,34,0,3.78,AU,1670092311
203,kenai,60.5544,-151.2583,-7.7,87,0,2.06,US,1670092305
204,berlevag,70.8578,29.0864,-4.0,80,33,10.8,NO,1670092318
205,babynino,54.39,35.73,-7.14,88,100,4.35,RU,1670092319
206,northam,51.0333,-4.2167,6.88,81,85,6.98,GB,1670092320
207,mar del plata,-38.0023,-57.5575,28.79,71,0,6.17,AR,1670092090
208,sueyoshi,31.65,131.0167,11.8,95,100,1.54,JP,1670092320
209,magole,-6.3667,37.3667,23.21,78,4,2.16,TZ,1670092321
210,goma,-1.6792,29.2228,17.01,89,98,1.61,CD,1670092322
211,thompson,55.7435,-97.8558,-24.91,77,0,4.63,CA,1670092151
212,truro,50.2653,-5.0544,6.6,75,20,4.63,GB,1670092323
213,atambua,-9.1061,124.8925,22.43,79,15,1.52,ID,1670092318
214,bandarbeyla,9.4942,50.8122,25.64,70,5,8.94,SO,1670092324
215,sisimiut,66.9395,-53.6735,-3.43,74,100,10.91,GL,1670092272
216,pevek,69.7008,170.3133,-17.77,77,76,5.37,RU,1670092325
217,palimbang,6.2106,124.1894,25.4,84,82,1.86,PH,1670092326
218,matara,5.9485,80.5353,24.36,88,95,1.17,LK,1670092327
219,bow island,49.8668,-111.3684,-1.9,63,6,4.12,CA,1670092327
220,hithadhoo,-0.6,73.0833,28.06,71,100,6.53,MV,1670092328
221,los llanos de aridane,28.6585,-17.9182,17.86,63,40,2.24,ES,1670092329
222,vilyuysk,63.7553,121.6247,-34.6,100,100,0.61,RU,1670092329
223,port lincoln,-34.7333,135.8667,21.47,42,97,4.07,AU,1670092224
224,saldanha,-33.0117,17.9442,17.03,70,100,11.09,ZA,1670092312
225,huarmey,-10.0681,-78.1522,22.61,73,11,4.38,PE,1670092078
226,aksu,41.1231,80.2644,-5.39,28,83,0.74,CN,1670092332
227,mogoytuy,51.2833,114.9167,-17.91,82,14,6.46,RU,1670092332
228,meulaboh,4.1363,96.1285,23.58,88,100,1.83,ID,1670092333
229,samarai,-10.6167,150.6667,25.9,82,100,2.32,PG,1670092334
230,aswan,24.0934,32.907,20.68,25,100,4.45,EG,1670092334
231,riyadh,24.6877,46.7219,20.08,33,0,3.39,SA,1670092236
232,saint anthony,45.0205,-93.218,-10.19,66,0,6.17,US,1670092231
233,khani,41.9563,42.9566,3.76,95,100,1.44,GE,1670092266
234,oskarshamn,57.2645,16.4484,2.77,77,100,4.91,SE,1670092336
235,labuhan,-6.8844,112.2051,25.21,88,100,2.87,ID,1670092337
236,sembe,1.6481,14.5806,22.03,96,100,0.44,CG,1670092338
237,tototlan,20.55,-102.8,26.85,24,4,1.23,MX,1670092338
238,ayr,55.4627,-4.6339,4.62,87,20,3.09,GB,1670092339
239,ribeira brava,32.65,-17.0667,17.35,82,54,5.48,PT,1670092340
240,abu samrah,35.3029,37.1841,13.97,72,91,1.62,SY,1670092340
241,vardo,70.3705,31.1107,-2.01,86,100,2.06,NO,1670092108
242,teshie,5.5836,-0.1072,29.31,79,0,3.6,GH,1670092341
243,khartoum,15.5518,32.5324,29.45,34,5,4.57,SD,1670092246
244,moron,-34.6534,-58.6198,30.53,45,16,2.71,AR,1670092342
245,alpharetta,34.0754,-84.2941,16.0,94,100,1.43,US,1670092207
246,georgetown,5.4112,100.3354,26.8,94,20,1.03,MY,1670092344
247,mao,39.8885,4.2658,10.31,93,20,2.57,ES,1670092292
248,aitape,-3.1374,142.3475,25.59,88,100,3.55,PG,1670092345
249,sharkan,57.2989,53.8712,-16.34,92,93,1.55,RU,1670092345
250,douglas,41.3,-96.167,-3.01,50,0,2.57,US,1670092227
251,itoman,26.1247,127.6694,22.21,83,76,7.72,JP,1670092346
252,kupang,-10.1667,123.5833,24.58,78,100,2.37,ID,1670092348
253,betafo,-19.8333,46.85,19.13,75,100,1.12,MG,1670092348
254,vila velha,-20.3297,-40.2925,22.97,99,100,1.03,BR,1670092349
255,pacific grove,36.6177,-121.9166,12.58,93,100,0.45,US,1670092307
256,kendari,-3.945,122.4989,23.66,94,100,1.55,ID,1670092352
257,saskylakh,71.9167,114.0833,-14.64,91,100,10.97,RU,1670092080
258,sorong,-0.8833,131.25,26.02,84,100,3.02,ID,1670092234
259,balkhash,46.844,74.9804,-8.56,88,100,3.48,KZ,1670092353
260,beringovskiy,63.05,179.3167,-2.38,97,100,10.72,RU,1670092354
261,sigli,5.3848,95.9609,25.64,80,100,2.16,ID,1670092355
262,coihaique,-45.5752,-72.0662,17.34,55,75,3.09,CL,1670092355
263,la macarena,2.1837,-73.7849,31.84,43,98,3.52,CO,1670092356
264,pelym,61.0108,61.9978,-14.69,90,100,2.44,RU,1670092356
265,gotsu,35.0,132.2167,11.04,70,100,3.16,JP,1670092357
266,juba,4.8517,31.5825,29.82,32,38,2.0,SS,1670092358
267,ahrensburg,53.6833,10.25,1.56,87,100,2.06,DE,1670092358
268,acari,-15.4311,-74.6158,27.51,47,0,5.4,PE,1670092359
269,arman,59.7,150.1667,-17.77,91,92,3.59,RU,1670092360
270,pemangkat,1.1667,108.9667,25.31,87,100,2.4,ID,1670092361
271,gat,31.61,34.7642,19.11,50,79,1.71,IL,1670092325
272,kadyy,57.787,43.1903,-13.14,97,100,1.74,RU,1670092362
273,port-gentil,-0.7193,8.7815,24.98,79,40,2.57,GA,1670092362
274,sorland,67.667,12.6934,3.92,71,100,6.61,NO,1670092208
275,gombong,-7.6072,109.5142,24.91,87,95,0.5,ID,1670092364
276,yagodnoye,62.55,149.6667,-36.34,96,17,1.93,RU,1670092365
277,pisco,-13.7,-76.2167,21.03,78,0,5.14,PE,1670092366
278,altay,47.8667,88.1167,-16.37,64,0,3.53,CN,1670092367
279,maumere,-8.6199,122.2111,26.66,74,66,1.71,ID,1670092084
280,itarema,-2.9248,-39.9167,28.98,62,11,8.18,BR,1670092368
281,tatawin,32.9297,10.4518,15.11,26,0,3.17,TN,1670092368
282,madaoua,14.073,5.96,28.16,18,7,3.23,NE,1670092369
283,sakakah,29.9697,40.2064,16.76,69,71,4.28,SA,1670092369
284,maine-soroa,13.2114,12.0241,27.21,19,0,3.79,NE,1670092370
285,zyryanka,65.75,150.85,-39.13,99,15,2.73,RU,1670092371
286,olafsvik,64.8945,-23.7142,4.53,81,27,1.7,IS,1670092098
287,nemuro,43.3236,145.575,2.57,89,39,8.09,JP,1670092372
288,richards bay,-28.783,32.0377,20.89,78,100,3.75,ZA,1670092159
289,acarau,-2.8856,-40.12,29.44,61,17,8.59,BR,1670092373
290,senno,59.5336,33.9167,-5.94,82,100,4.44,RU,1670092373
291,kefamenanu,-9.4467,124.4781,20.63,85,11,1.03,ID,1670092374
292,hachinohe,40.5,141.5,3.76,96,100,1.57,JP,1670092375
293,carnarvon,-24.8667,113.6333,20.83,81,0,8.16,AU,1670092376
294,plettenberg bay,-34.0527,23.3716,16.16,66,100,1.09,ZA,1670092377
295,asfi,32.2994,-9.2372,17.39,77,31,3.72,MA,1670092272
296,port blair,11.6667,92.75,28.02,83,40,3.09,IN,1670092378
297,iranshahr,27.2025,60.6848,17.19,23,0,2.06,IR,1670092319
298,maragogi,-9.0122,-35.2225,26.56,76,61,5.13,BR,1670092289
299,pangnirtung,66.1451,-65.7125,-14.0,66,75,3.6,CA,1670092379
300,rio grande,-32.035,-52.0986,26.06,90,96,5.59,BR,1670092380
301,alofi,-19.0595,-169.9187,24.94,100,100,0.51,NU,1670092381
302,seoul,37.5683,126.9778,-0.34,50,0,6.69,KR,1670092055
303,dakar,14.6937,-17.4441,25.49,65,0,3.09,SN,1670092382
304,krasnoselkup,65.7,82.4667,-22.21,100,100,2.82,RU,1670092383
305,trelew,-43.249,-65.3051,29.08,13,18,11.0,AR,1670092383
306,biedenkopf,50.9167,8.5333,0.03,93,95,1.98,DE,1670092384
307,panjab,34.388,67.0233,-2.11,64,40,1.02,AF,1670092384
308,rochefort,45.9167,-1.0,4.03,92,85,3.25,FR,1670092385
309,basco,20.4487,121.9702,26.53,77,47,8.4,PH,1670092386
310,greeneville,36.1632,-82.831,14.12,98,100,3.09,US,1670092387
311,labytnangi,66.6572,66.4183,-9.96,87,86,3.24,RU,1670092344
312,hambantota,6.1241,81.1185,24.91,87,81,3.58,LK,1670092164
313,saint-leu,-21.15,55.2833,24.48,79,11,3.53,RE,1670092392
314,santa cruz cabralia,-16.2781,-39.0247,27.13,78,40,5.14,BR,1670092393
315,santa maria,-29.6842,-53.8069,30.61,55,40,3.6,BR,1670092049
316,shyryayeve,47.3805,30.1964,1.3,70,100,3.83,UA,1670092394
317,puerto lopez,4.0845,-72.956,30.09,59,91,3.44,CO,1670092395
318,paamiut,61.994,-49.6678,-1.69,69,100,1.12,GL,1670092395
319,vanavara,60.34,102.2797,-22.64,100,98,1.96,RU,1670092396
320,homer,59.6425,-151.5483,-0.13,81,0,1.79,US,1670092397
321,chicama,-7.8447,-79.1469,20.3,59,81,4.99,PE,1670092397
322,kruisfontein,-34.0033,24.7314,17.16,76,100,1.9,ZA,1670092344
323,marzuq,14.4,46.4667,17.79,41,0,0.34,YE,1670092398
324,ola,59.5833,151.2833,-17.7,93,100,3.32,RU,1670092399
325,siguiri,11.6667,-9.5,29.08,34,100,1.2,GN,1670092400
326,mirabad,30.4362,61.8383,11.21,30,7,1.78,AF,1670092401
327,chkalovsk,56.7647,43.2433,-13.12,89,100,3.19,RU,1670092402
328,lombardia,19.15,-102.0333,29.47,36,0,1.96,MX,1670092403
329,luanda,-8.8368,13.2343,27.0,78,20,6.17,AO,1670092404
330,santa maria del oro,25.9333,-105.3667,24.78,33,5,4.5,MX,1670092405
331,bandar-e lengeh,26.5579,54.8807,22.06,60,0,3.09,IR,1670092406
332,seymchan,62.8833,152.4333,-39.42,100,71,0.34,RU,1670092407
333,hay river,60.8156,-115.7999,-13.02,85,75,3.6,CA,1670092407
334,faya,18.3851,42.4509,15.06,76,3,1.7,SA,1670092248
335,rio gallegos,-51.6226,-69.2181,15.03,41,40,14.4,AR,1670092409
336,tura,25.5198,90.2201,16.25,86,2,1.5,IN,1670092410
337,avera,33.194,-82.5271,21.73,68,92,3.29,US,1670092410
338,dongsheng,39.8161,109.9776,-9.67,25,0,2.72,CN,1670092411
339,nalut,30.3333,10.85,17.55,15,29,2.99,LY,1670092414
340,krasnyy chikoy,50.3643,108.7512,-18.5,89,100,2.88,RU,1670092414
341,semnan,35.5729,53.3971,8.37,69,99,1.6,IR,1670092415
342,bolivar,37.6145,-93.4105,4.21,50,96,3.13,US,1670092416
343,mahon,39.8885,4.2658,10.31,93,20,2.57,ES,1670092417
344,grindavik,63.8424,-22.4338,2.26,93,0,2.06,IS,1670092418
345,hastings,50.8552,0.5729,6.05,81,100,7.68,GB,1670092418
346,bundaberg,-24.85,152.35,15.68,95,45,0.89,AU,1670092419
347,sabha,27.0377,14.4283,20.0,23,0,4.63,LY,1670092419
348,tautira,-17.7333,-149.15,26.36,80,68,8.3,PF,1670092277
349,brae,60.3964,-1.353,6.86,74,100,7.39,GB,1670092421
350,padre bernardo,-15.35,-48.5,23.6,80,100,2.78,BR,1670092421
351,okha,53.5739,142.9478,-19.17,92,44,5.76,RU,1670092422
352,waw,7.7029,27.9953,28.68,28,76,1.77,SS,1670092179
353,polunochnoye,60.8697,60.4153,-19.17,95,42,1.78,RU,1670092424
354,ostrovnoy,68.0531,39.5131,-6.67,93,59,4.28,RU,1670092424
355,varna,43.2167,27.9167,3.08,100,100,2.06,BG,1670092266
356,lokosovo,61.1333,74.8167,-11.66,95,100,4.11,RU,1670092425
357,murdochville,48.9583,-65.5006,1.49,97,100,6.83,CA,1670092426
358,tirumullaivasal,11.2333,79.8333,25.44,88,95,5.31,IN,1670092427
359,killybegs,54.6333,-8.45,6.84,88,100,3.45,IE,1670092427
360,bud,39.447,-86.1758,5.26,59,3,6.9,US,1670092080
361,yaan,7.3833,8.5667,28.6,24,23,0.87,NG,1670092429
362,inverness,57.4791,-4.224,5.95,87,75,1.03,GB,1670092430
363,jiayuguan,39.8167,98.3,-9.76,79,29,0.98,CN,1670092430
364,hearst,49.6835,-83.6665,-12.86,83,100,5.42,CA,1670092431
365,bubaque,11.2833,-15.8333,26.17,63,6,4.61,GW,1670092432
366,husavik,66.0449,-17.3389,1.4,85,85,4.79,IS,1670092433
367,caravelas,-17.7125,-39.2481,23.19,92,100,3.63,BR,1670092433
368,lancut,50.0687,22.2291,3.08,92,100,4.63,PL,1670092434
369,desaguadero,-16.5656,-69.0417,14.8,23,5,6.42,PE,1670092434
370,jurm,36.8648,70.8342,2.31,65,100,2.3,AF,1670092435
371,grand gaube,-20.0064,57.6608,24.22,72,100,1.34,MU,1670092343
372,kongolo,-5.3833,27.0,21.59,95,100,1.4,CD,1670092437
373,batsfjord,70.6345,29.7185,-3.04,93,65,8.23,NO,1670092437
374,souillac,-20.5167,57.5167,24.21,78,40,1.54,MU,1670092438
375,ancud,-41.8697,-73.8203,14.46,77,74,5.68,CL,1670092368
376,pierre,44.3683,-100.351,-5.49,63,0,2.57,US,1670092197
377,fredericton,45.9454,-66.6656,12.13,94,100,7.72,CA,1670092228
378,fallon,39.4735,-118.7774,0.81,59,40,2.57,US,1670092350
379,yeppoon,-23.1333,150.7333,17.88,78,8,6.01,AU,1670092440
380,fortuna,40.5982,-124.1573,12.42,64,0,11.32,US,1670092440
381,ponta do sol,32.6667,-17.1,17.35,80,47,5.32,PT,1670092320
382,aguie,13.506,7.7786,27.34,20,7,3.78,NE,1670092441
383,osmena,10.5208,119.9258,27.59,82,79,5.78,PH,1670092442
384,sankeshwar,16.2667,74.4833,24.39,61,100,1.88,IN,1670092443
385,quatre cocos,-20.2078,57.7625,24.06,71,100,3.86,MU,1670092444
386,wagar,16.1525,36.2032,26.38,50,0,6.58,SD,1670092444
387,phalaborwa,-23.943,31.1411,26.6,71,47,6.75,ZA,1670092445
388,itacarambi,-15.1022,-44.0919,22.93,74,100,0.34,BR,1670092446
389,luena,-11.7833,19.9167,19.52,73,48,2.04,AO,1670092446
390,grenchen,47.1921,7.3959,3.83,91,100,4.12,CH,1670092447
391,lata,40.1629,-8.3327,14.34,81,98,0.85,PT,1670092448
392,cabuyaro,4.2817,-72.794,31.01,53,77,3.91,CO,1670092449
393,te anau,-45.4167,167.7167,8.59,89,100,2.44,NZ,1670092156
394,voyvozh,62.892,54.9635,-19.44,100,100,1.06,RU,1670092451
395,narsaq,60.9167,-46.05,-0.88,84,3,1.93,GL,1670092452
396,honningsvag,70.9821,25.9704,-2.14,74,7,8.23,NO,1670092453
397,road town,18.4167,-64.6167,29.02,65,40,3.09,VG,1670092170
398,naze,28.3667,129.4833,20.51,82,100,4.7,JP,1670092454
399,asau,46.4333,26.4,-1.49,94,99,1.04,RO,1670092455
400,san patricio,28.017,-97.5169,24.93,84,100,2.66,US,1670092456
401,nebug,44.1714,39.0036,7.76,79,100,3.49,RU,1670092456
402,nyurba,63.2842,118.3319,-23.29,100,100,1.27,RU,1670092397
403,margate,51.3813,1.3862,6.5,78,100,1.79,GB,1670092261
404,acajutla,13.5928,-89.8275,30.21,57,7,2.66,SV,1670092458
405,jati,24.3539,68.2671,21.88,55,0,2.95,PK,1670092459
406,faanui,-16.4833,-151.75,26.77,77,81,8.5,PF,1670092460
407,saint george,37.1041,-113.5841,11.35,46,0,0.0,US,1670092329
408,coos bay,43.3665,-124.2179,8.97,79,20,3.09,US,1670091851
409,malapag,7.1333,124.8167,22.86,93,100,0.93,PH,1670092461
410,aktau,43.65,51.2,-9.68,48,4,7.3,KZ,1670092462
411,nogliki,51.8333,143.1667,-17.31,89,100,5.11,RU,1670092462
412,kloulklubed,7.0419,134.2556,26.28,77,90,6.85,PW,1670092463
413,coari,-4.085,-63.1414,31.0,52,98,1.48,BR,1670092464
414,portland,45.5234,-122.6762,6.23,60,40,6.17,US,1670091837
415,jalu,29.0331,21.5482,16.6,34,4,3.9,LY,1670092465
416,taft,31.7471,54.2088,8.97,43,0,2.06,IR,1670092465
417,pinotepa nacional,16.3167,-98.0167,32.94,35,0,2.48,MX,1670092466
418,braganca,-1.0536,-46.7656,29.56,57,98,2.8,BR,1670091870
419,winterswijk,51.9725,6.7194,1.0,80,100,4.85,NL,1670092468
420,rexburg,43.826,-111.7897,-7.32,57,0,2.06,US,1670092468
421,saint-joseph,-21.3667,55.6167,24.21,80,6,3.38,RE,1670092469
422,villazon,-22.0866,-65.5942,16.9,22,74,5.85,BO,1670092470
423,khash,28.2211,61.2158,8.88,41,0,1.86,IR,1670092470
424,sinnamary,5.3833,-52.95,25.19,86,94,2.65,GF,1670092471
425,vallenar,-28.5708,-70.7581,28.78,27,0,5.19,CL,1670092472
426,simpang,-1.2667,104.0833,23.37,97,100,0.6,ID,1670092245
427,rockland,41.1668,-74.0496,13.13,93,100,2.24,US,1670092475
428,bilma,18.6853,12.9164,25.26,18,59,3.74,NE,1670092476
429,neiafu,-18.65,-173.9833,23.38,100,75,0.0,TO,1670092476
430,qurayyat,31.3318,37.3428,14.1,54,0,1.03,SA,1670092477
431,kolokani,13.5728,-8.0339,29.3,34,90,2.97,ML,1670092478
432,conde,-7.2597,-34.9075,28.7,61,40,7.2,BR,1670092271
433,mulchen,-37.7167,-72.2333,26.92,27,77,1.69,CL,1670092479
434,turochak,52.2576,87.1224,-23.61,100,43,0.99,RU,1670092480
435,santa lucia,27.9117,-15.5407,15.42,94,75,3.09,ES,1670091703
436,capitao poco,-1.7464,-47.0594,28.4,64,100,2.39,BR,1670092481
437,amapa,1.0,-52.0,29.38,60,100,2.95,BR,1670092482
438,yerbogachen,61.2767,108.0108,-19.07,96,100,4.28,RU,1670092483
439,batagay-alyta,67.8006,130.4114,-23.42,92,100,2.04,RU,1670092483
440,veraval,20.9,70.3667,23.3,63,7,2.19,IN,1670092257
441,boshnyakovo,49.6333,142.1667,-10.98,76,100,6.8,RU,1670092484
442,ixtapa,20.7,-105.2,27.57,61,0,3.09,MX,1670092485
443,mindelo,16.8901,-24.9804,24.75,53,40,5.66,CV,1670092475
444,bowen,-20.0167,148.2333,21.21,79,5,4.21,AU,1670092486
445,flinders,-34.5833,150.8552,16.88,79,0,2.64,AU,1670092487
446,mulege,26.8833,-111.9833,24.8,51,11,4.08,MX,1670092488
447,balta,47.9355,29.6198,-1.27,79,76,3.44,UA,1670092489
448,kostelec na hane,49.514,17.0582,5.91,100,100,2.87,CZ,1670092489
449,mubi,10.2676,13.2644,26.56,25,5,2.46,NG,1670092490
450,kavaratti,10.5669,72.642,27.91,73,83,3.52,IN,1670092491
451,morondava,-20.2833,44.2833,26.62,78,6,4.28,MG,1670092492
452,atar,20.5169,-13.0499,22.22,15,0,2.49,MR,1670092310
453,mae sai,20.4335,99.8762,18.98,97,76,0.79,TH,1670092493
454,batangafo,7.3008,18.2833,26.89,27,76,2.14,CF,1670092494
455,vila do maio,15.1333,-23.2167,25.44,60,100,3.92,CV,1670092494
456,westport,41.1415,-73.3579,13.9,88,100,12.35,US,1670092348
457,antofagasta,-23.65,-70.4,19.6,65,10,4.74,CL,1670092495
458,pecanha,-18.5486,-42.5569,19.15,94,100,2.65,BR,1670092496
459,zabaykalsk,49.6333,117.3167,-21.83,90,10,5.69,RU,1670092391
460,ha tinh,18.3333,105.9,19.78,91,100,2.61,VN,1670092497
461,dryden,49.7833,-92.7503,-16.84,78,75,6.17,CA,1670092224
462,turinsk,58.0458,63.696,-18.9,90,36,2.21,RU,1670092498
463,fossombrone,43.6908,12.8127,9.86,96,100,0.87,IT,1670092499
464,ardesen,41.1911,40.9875,13.02,86,100,3.86,TR,1670092500
465,jacksonville,30.3322,-81.6556,28.91,60,40,2.57,US,1670092264
466,panama city,8.9936,-79.5197,31.83,57,20,7.2,PA,1670092501
467,nanton,50.3501,-113.7687,-0.97,70,16,2.24,CA,1670092226
468,port keats,-14.25,129.55,27.84,66,100,3.46,AU,1670092502
469,mangan,27.5167,88.5333,14.52,52,1,2.44,IN,1670092305
470,mykolayivka,47.5414,30.7561,-0.06,73,69,3.81,UA,1670092503
471,puerto padre,21.195,-76.6028,28.21,61,30,7.91,CU,1670092504
472,saint-pierre,-21.3393,55.4781,24.82,69,100,5.14,RE,1670092505
473,kalasin,16.5,103.5,23.92,99,100,2.45,TH,1670092506
474,upington,-28.4478,21.2561,26.21,12,0,1.54,ZA,1670092507
475,jackson,42.4165,-122.8345,6.03,72,0,0.89,US,1670092226
476,khandyga,62.6667,135.6,-40.63,100,98,1.16,RU,1670092508
477,margherita,27.2833,95.6833,16.14,75,0,0.95,IN,1670092509
478,kaputa,-8.4689,29.6619,21.93,79,83,1.48,ZM,1670092510
479,tocopilla,-22.092,-70.1979,21.79,61,21,4.32,CL,1670092511
480,tandalti,13.0167,31.8667,27.53,29,6,4.85,SD,1670092511
481,aykhal,66.0,111.5,-18.03,99,100,3.72,RU,1670092512
482,warwick,41.7001,-71.4162,14.14,87,100,12.86,US,1670092245
483,vichy,46.25,3.5833,3.5,93,100,1.89,FR,1670092513
484,tolaga bay,-38.3667,178.3,14.19,65,17,0.78,NZ,1670092514
485,shestakovo,56.4915,103.96,-16.92,94,100,2.69,RU,1670092515
486,iskateley,67.6803,53.1512,-12.15,95,49,3.29,RU,1670092516
487,chumikan,54.7183,135.315,-26.34,83,24,8.36,RU,1670092516
488,hami,42.8,93.45,-6.51,41,6,1.98,CN,1670092517
489,najran,17.4924,44.1277,18.36,42,0,0.96,SA,1670092518
490,altamont,42.2068,-121.7372,2.09,80,20,3.09,US,1670092518
491,dolores,-36.3132,-57.6792,26.17,37,3,3.05,AR,1670092371
492,paita,-5.0892,-81.1144,23.12,69,72,8.34,PE,1670092281
493,akyab,20.15,92.9,23.64,80,0,3.14,MM,1670092453
494,tobol,52.6844,62.5794,-20.54,88,5,3.26,KZ,1670092520
495,tyrma,50.0833,132.1667,-33.1,100,62,1.23,RU,1670092521
496,zeya,53.75,127.2667,-33.02,96,67,0.75,RU,1670092390
497,doha,25.2867,51.5333,24.99,67,0,3.09,QA,1670092196
498,sao pedro do sul,-29.6206,-54.1789,30.36,75,84,2.68,BR,1670092052
499,cairns,-16.9167,145.7667,23.97,87,10,2.57,AU,1670092229
500,udgir,18.3833,77.1167,21.63,67,26,2.54,IN,1670092523
501,boa vista,2.8197,-60.6733,30.99,55,40,4.12,BR,1670092387
502,san cristobal,7.7669,-72.225,23.1,69,84,1.3,VE,1670092366
503,baculin,7.4525,126.5842,25.1,86,98,3.27,PH,1670092524
504,malakal,9.5334,31.6605,29.96,26,94,2.36,SS,1670092526
505,la ronge,55.1001,-105.2842,-17.86,78,100,4.63,CA,1670092228
506,shubarkuduk,49.1447,56.4872,-13.44,74,6,5.71,KZ,1670092527
507,broome,42.2506,-75.833,11.96,87,100,7.72,US,1670092528
508,luderitz,-26.6481,15.1594,17.11,66,8,9.92,NA,1670092529
509,keti bandar,24.1447,67.4497,23.57,60,0,2.53,PK,1670092529
510,fare,-16.7,-151.0167,26.76,76,80,7.8,PF,1670092531
511,calvia,39.5657,2.5062,11.07,69,13,1.81,ES,1670092531
512,duzce,40.8389,31.1639,10.71,94,98,1.22,TR,1670092532
513,barcelos,41.5388,-8.6151,10.51,73,0,1.36,PT,1670092533
514,ikornnes,62.3873,6.557,3.2,84,21,1.34,NO,1670092533
515,roseburg,43.2165,-123.3417,5.28,79,0,0.0,US,1670092515
516,vicuna,-30.0319,-70.7081,32.09,32,0,5.08,CL,1670092325
517,ashta,23.0167,76.7167,17.73,50,64,2.1,IN,1670092040
518,oranjestad,12.524,-70.027,29.97,66,40,7.72,AW,1670092309
519,sovetskiy,61.3614,63.5842,-12.05,89,100,2.94,RU,1670092537
520,tokur,53.1333,132.9,-34.39,100,100,1.14,RU,1670092538
521,la union,-5.4,-80.75,30.43,39,100,7.22,PE,1670092539
522,linares,-35.85,-71.6,31.71,18,48,4.07,CL,1670092198
523,la arena,-5.3466,-80.7109,30.7,38,99,7.37,PE,1670092540
524,praia da vitoria,38.7333,-27.0667,14.31,82,75,15.07,PT,1670092442
525,kindu,-2.95,25.95,21.24,97,100,0.32,CD,1670092541
526,acatlan,20.15,-98.45,16.92,65,27,4.98,MX,1670092541
527,constitucion,-35.3333,-72.4167,20.42,67,34,8.54,CL,1670092542
528,mandalgovi,45.7625,106.2708,-16.0,45,0,3.11,MN,1670092543
529,baturaja,-4.1333,104.1667,23.12,95,100,0.7,ID,1670092543
530,zhireken,52.8249,117.3076,-30.69,97,23,0.94,RU,1670092544
531,mersing,2.4312,103.8405,24.95,94,20,1.54,MY,1670092545
532,kailua,21.4022,-157.7394,24.71,86,64,0.89,US,1670092322
533,bago,17.3367,96.4797,23.89,85,45,2.26,MM,1670092325
534,ferrol,43.4832,-8.2369,10.71,73,81,4.37,ES,1670092547
535,nikki,9.9401,3.2108,28.42,29,15,2.08,BJ,1670092547
536,gualeguay,-33.1416,-59.3097,34.39,12,4,1.41,AR,1670092548
537,fort nelson,58.8053,-122.7002,-18.23,78,75,2.06,CA,1670092549
538,colesberg,-30.72,25.0972,21.57,16,12,5.04,ZA,1670092550
539,genhe,50.7833,121.5167,-36.49,100,36,0.65,CN,1670092506
540,balsas,-7.5325,-46.0356,26.92,76,99,1.84,BR,1670092551
541,erzin,36.9559,36.2,15.29,67,100,1.38,TR,1670092551
542,tiarei,-17.5333,-149.3333,29.01,80,55,8.87,PF,1670092552
543,petropavlovsk-kamchatskiy,53.0452,158.6483,-18.67,85,40,4.0,RU,1670092553
544,ibra,22.6906,58.5334,19.41,72,0,0.69,OM,1670092554
545,chau doc,10.7,105.1167,23.13,93,100,2.17,VN,1670092554
546,pombas,17.1503,-25.0201,23.88,58,9,2.56,CV,1670092555
547,henties bay,-22.116,14.2845,15.04,84,0,3.84,NA,1670092526
548,san policarpo,12.1791,125.5072,26.77,85,98,5.1,PH,1670092556
549,winneba,5.3511,-0.6231,25.94,84,16,3.78,GH,1670092557
550,hatillo,18.4863,-66.8254,29.62,71,0,4.47,PR,1670092557
551,livingston,55.9029,-3.5226,4.94,87,75,1.03,GB,1670092558
552,bose,45.4612,8.0137,5.11,94,100,0.87,IT,1670092558
553,hamilton,39.1834,-84.5333,8.69,53,0,8.23,US,1670092083
554,fairbanks,64.8378,-147.7164,-3.84,88,100,3.09,US,1670091976
555,champerico,14.3,-91.9167,33.3,68,0,2.58,GT,1670092338
556,nouakchott,18.0858,-15.9785,22.96,54,100,3.93,MR,1670092560
557,geraldton,-28.7667,114.6,20.23,83,100,5.66,AU,1670092323
558,piacabucu,-10.4056,-36.4344,26.75,72,100,5.25,BR,1670092562
559,alenquer,-1.9417,-54.7383,31.32,54,94,1.64,BR,1670092562
560,falkenberg,56.9055,12.4912,1.25,80,97,5.82,SE,1670092563
561,rosia de secas,46.05,23.8833,6.02,88,92,0.73,RO,1670092564
562,chingirlau,51.095,54.0814,-12.25,70,0,3.26,KZ,1670092565
563,baldwin,30.7505,-87.7667,26.29,78,100,2.08,US,1670092534
564,sola,-13.8833,167.55,27.57,76,100,5.34,VU,1670091982
565,tiznit,29.5833,-9.5,14.66,71,2,1.76,MA,1670092566
566,bayan,46.0833,127.4,-20.46,91,15,3.98,CN,1670092567
567,sioux lookout,50.1001,-91.917,-16.96,71,100,5.14,CA,1670092568
568,abha,18.2164,42.5053,14.9,82,0,2.06,SA,1670092297
569,galle,6.0367,80.217,24.77,86,98,1.1,LK,1670092569
570,maniitsoq,65.4167,-52.9,-1.46,65,100,10.23,GL,1670092569
571,kollam,8.8833,76.6,25.88,81,100,2.02,IN,1670092570
572,tarko-sale,64.9225,77.785,-13.57,97,95,4.3,RU,1670092571
573,andros town,24.7,-77.7667,25.98,55,12,9.08,BS,1670092571
